"source_settlement_raw","normalized_settlement","municipality","region","location_kind","is_ignored","ignore_reason","mapping_source","mapping_confidence","review_status","review_notes","updated_at"
"אום אל קוטוף","אום אל קוטוף","מועצה אזורית מנשה","המשולש","settlement","FALSE","","manual_research_2026_03_30","high","pending","כפר ערבי בגבעות עירון במועצה אזורית מנשה - אזור המשולש","2026-03-30T12:00:00+03:00"
"אזור תעשייה אלון התבור","אזור תעשייה אלון התבור","מועצה אזורית עמק יזרעאל","עמקים","settlement","FALSE","","manual_research_2026_03_30","high","pending","אזור תעשייה ליד כפר תבור ואלון הגליל - בעמק יזרעאל","2026-03-30T12:00:00+03:00"
"אזור תעשייה בני יהודה","אזור תעשייה בני יהודה","מועצה אזורית גולן","גולן","settlement","FALSE","","manual_research_2026_03_30","high","pending","אזור תעשייה בבני יהודה ברמת הגולן","2026-03-30T12:00:00+03:00"
"אזור תעשייה קדמת גליל","אזור תעשייה קדמת גליל","מועצה אזורית גליל עליון","גליל עליון","settlement","FALSE","","manual_research_2026_03_30","medium","pending","אזור תעשייה קדמת גליל בצפון הארץ - גליל עליון","2026-03-30T12:00:00+03:00"
"אזור תעשייה קיסריה","אזור תעשייה קיסריה","קיסריה","שרון","settlement","FALSE","","manual_research_2026_03_30","high","pending","אזור התעשייה של קיסריה - ממוקם בחוף הכרמל בשרון","2026-03-30T12:00:00+03:00"
"אזור תעשייה שחורת","אזור תעשייה שחורת","מועצה אזורית ערבה תיכונה","ערבה","settlement","FALSE","","manual_research_2026_03_30","high","pending","אזור תעשייה שחורת בערבה התיכונה ליד שחרות","2026-03-30T12:00:00+03:00"
"אזור תעשייה שחק","אזור תעשייה שחק","מועצה אזורית גולן","גולן","settlement","FALSE","","manual_research_2026_03_30","high","pending","אזור תעשייה שחק ברמת הגולן ליד מג'דל שמס","2026-03-30T12:00:00+03:00"
"איבי הנחל","איבי הנחל","מועצה אזורית שומרון","שומרון","settlement","FALSE","","manual_research_2026_03_30","high","pending","ישוב ביהודה ושומרון במועצה אזורית שומרון בצפון עמק הירדן","2026-03-30T12:00:00+03:00"
"אל עמארני אל מסק","אל עמארני אל מסק","מועצה אזורית מנשה","המשולש","settlement","FALSE","","manual_research_2026_03_30","medium","pending","ישוב ערבי במנשה - אזור המשולש","2026-03-30T12:00:00+03:00"
"אלון","אלון","מועצה אזורית מטה בנימין","מטה בנימין","settlement","FALSE","","manual_research_2026_03_30","high","pending","ישוב אלון במועצה אזורית מטה בנימין - הרי בנימין [תוקן: מטה בנימין->שומרון]","2026-03-30T12:00:00+03:00"
"אליפז ומכרות תמנע","אליפז ומכרות תמנע","מועצה אזורית חבל אילות","ערבה","settlement","FALSE","","manual_research_2026_03_30","high","pending","ישוב אליפז ואתר מכרות תמנע בערבה הדרומית ליד אילת","2026-03-30T12:00:00+03:00"
"אמץ","אמץ","מועצה אזורית מנשה","שרון","settlement","FALSE","","manual_research_2026_03_30","high","pending","מושב אמץ במועצה אזורית מנשה - שרון דרומי","2026-03-30T12:00:00+03:00"
"אעירה השחר","אעירה השחר","מועצה אזורית מטה בנימין","מטה בנימין","settlement","FALSE","","manual_research_2026_03_30","high","pending","מאחז סמוך לכוכב השחר במועצה אזורית מטה בנימין - הרי בנימין [תוקן: מטה בנימין->שומרון]","2026-03-30T12:00:00+03:00"
"אפקה","אפקה","מועצה אזורית הגלבוע","גלבוע","settlement","FALSE","","manual_research_2026_03_30","high","pending","מושב אפקה במועצה אזורית הגלבוע - אזור הגלבוע","2026-03-30T12:00:00+03:00"
"אתר ההנצחה גולני","אתר ההנצחה גולני","מועצה אזורית גולן","גולן","settlement","FALSE","","manual_research_2026_03_30","high","pending","אתר ההנצחה של חטיבת גולני ברמת הגולן","2026-03-30T12:00:00+03:00"
"באקה אל גרבייה","באקה אל גרבייה","באקה אל-גרבייה","המשולש","settlement","FALSE","","manual_research_2026_03_30","high","pending","עיר ערבית בוואדי עארה - אזור המשולש","2026-03-30T12:00:00+03:00"
"בוקעתא","בוקעתא","מועצה אזורית גולן","גולן","settlement","FALSE","","manual_research_2026_03_30","high","pending","כפר דרוזי ברמת הגולן","2026-03-30T12:00:00+03:00"
"בחלק מהאזורים בארץ","בחלק מהאזורים בארץ","לאומי","לא ממופה","ignored","TRUE","התרעה ארצית כללית - לא מיקום ספציפי","manual_research_2026_03_30","high","pending","זוהי התרעה כלל-ארצית ולא ישוב ספציפי","2026-03-30T12:00:00+03:00"
"בי""ס כרמים בנימינה","בי""ס כרמים בנימינה","בנימינה-גבעת עדה","שרון","settlement","FALSE","","manual_research_2026_03_30","high","pending","בית ספר חקלאי כרמים בבנימינה - עיר בחוף הכרמל בשרון","2026-03-30T12:00:00+03:00"
"בית אלפא וחפציבה","בית אלפא וחפציבה","מועצה אזורית הגלבוע","גלבוע","settlement","FALSE","","manual_research_2026_03_30","high","pending","בית אלפא וחפציבה - קיבוצים בעמק בית שאן - גלבוע","2026-03-30T12:00:00+03:00"
"בית הברכה","בית הברכה","מועצה אזורית שומרון","שומרון","settlement","FALSE","","manual_research_2026_03_30","medium","pending","ישוב בשומרון - מועצה אזורית שומרון","2026-03-30T12:00:00+03:00"
"בית העלמין החדש נהריה","בית העלמין החדש נהריה","נהריה","גליל מערבי","settlement","FALSE","","manual_research_2026_03_30","high","pending","בית עלמין עירוני בנהריה - גליל מערבי","2026-03-30T12:00:00+03:00"
"בית העלמין החדש עכו","בית העלמין החדש עכו","עכו","גליל מערבי","settlement","FALSE","","manual_research_2026_03_30","high","pending","בית עלמין עירוני בעכו - גליל מערבי","2026-03-30T12:00:00+03:00"
"בית חגלה","בית חגלה","מועצה אזורית מגילות ים המלח","ערבה","settlement","FALSE","","manual_research_2026_03_30","high","pending","ישוב קהילתי בצפון ים המלח במועצה אזורית מגילות [תוקן: מגילות->ערבה]","2026-03-30T12:00:00+03:00"
"בית חרות","בית חרות","מועצה אזורית עמק חפר","שרון","settlement","FALSE","","manual_research_2026_03_30","high","pending","מושב בית חרות במועצה אזורית עמק חפר - שרון","2026-03-30T12:00:00+03:00"
"בית ירח","בית ירח","מועצה אזורית עמק הירדן","עמקים","settlement","FALSE","","manual_research_2026_03_30","high","pending","אתר ארכיאולוגי וישוב בדרום מערב הכינרת - אזור כינרת [תוקן: עמק הירדן->עמקים]","2026-03-30T12:00:00+03:00"
"בית סוהר צלמון","בית סוהר צלמון","מועצה אזורית גליל תחתון","גליל","settlement","FALSE","","manual_research_2026_03_30","high","pending","בית הסוהר צלמון בגליל התחתון ליד נצרת","2026-03-30T12:00:00+03:00"
"בית סוהר קישון","בית סוהר קישון","מועצה אזורית זבולון","חיפה","settlement","FALSE","","manual_research_2026_03_30","high","pending","בית הסוהר קישון בקרבת חיפה - מחוז חיפה","2026-03-30T12:00:00+03:00"
"בית ספר שדה מירון","בית ספר שדה מירון","מועצה אזורית מרום הגליל","גליל עליון","settlement","FALSE","","manual_research_2026_03_30","high","pending","בית ספר שדה מירון בגליל העליון ליד הר מירון","2026-03-30T12:00:00+03:00"
"בית עלמין תל רגב","בית עלמין תל רגב","מועצה אזורית זבולון","חיפה","settlement","FALSE","","manual_research_2026_03_30","high","pending","בית עלמין תל רגב באזור זבולון ליד חיפה","2026-03-30T12:00:00+03:00"
"בני אדם","בני אדם","מועצה אזורית שומרון","שומרון","settlement","FALSE","","manual_research_2026_03_30","high","pending","ישוב בני אדם במועצה אזורית שומרון בשומרון","2026-03-30T12:00:00+03:00"
"בני יהודה וגבעת יואב","בני יהודה וגבעת יואב","מועצה אזורית גולן","גולן","settlement","FALSE","","manual_research_2026_03_30","high","pending","בני יהודה וגבעת יואב ברמת הגולן הדרומית","2026-03-30T12:00:00+03:00"
"בר כוכבא","בר כוכבא","מועצה אזורית חוף הכרמל","שרון","settlement","FALSE","","manual_research_2026_03_30","high","pending","ישוב בר כוכבא במועצה אזורית חוף הכרמל - חוף הכרמל","2026-03-30T12:00:00+03:00"
"ברטעה","ברטעה","מועצה אזורית מנשה","המשולש","settlement","FALSE","","manual_research_2026_03_30","high","pending","ברטעה כפר ערבי בעירון - המשולש","2026-03-30T12:00:00+03:00"
"בתרונות","בתרונות","מועצה אזורית מטה יהודה","שפלה","settlement","FALSE","","manual_research_2026_03_30","high","pending","מושב בתרונות במועצה אזורית מטה יהודה - שפלה","2026-03-30T12:00:00+03:00"
"גבעות","גבעות","מועצה אזורית גוש עציון","ירושלים","settlement","FALSE","","manual_research_2026_03_30","medium","pending","גבעות - ישוב קהילתי באזור גוש עציון הר חברון [תוקן: גוש עציון->ירושלים]","2026-03-30T12:00:00+03:00"
"גבעת אסף","גבעת אסף","מועצה אזורית מטה בנימין","מטה בנימין","settlement","FALSE","","manual_research_2026_03_30","high","pending","גבעת אסף ישוב בהרי בנימין - מועצה אזורית מטה בנימין [תוקן: מטה בנימין->שומרון]","2026-03-30T12:00:00+03:00"
"גבעת וולפסון","גבעת וולפסון","רחובות","שפלה","settlement","FALSE","","manual_research_2026_03_30","high","pending","שכונה ברחובות שבשפלה","2026-03-30T12:00:00+03:00"
"גבעת חיים איחוד","גבעת חיים איחוד","מועצה אזורית עמק חפר","שרון","settlement","FALSE","","manual_research_2026_03_30","high","pending","קיבוץ גבעת חיים איחוד במועצה אזורית עמק חפר - שרון","2026-03-30T12:00:00+03:00"
"גבעת חיים מאוחד","גבעת חיים מאוחד","מועצה אזורית עמק חפר","שרון","settlement","FALSE","","manual_research_2026_03_30","high","pending","קיבוץ גבעת חיים מאוחד במועצה אזורית עמק חפר - שרון","2026-03-30T12:00:00+03:00"
"גבעת עדה","גבעת עדה","בנימינה-גבעת עדה","שרון","settlement","FALSE","","manual_research_2026_03_30","high","pending","גבעת עדה עיר בחוף הכרמל - שרון","2026-03-30T12:00:00+03:00"
"גבעת פורת יוסף","גבעת פורת יוסף","מועצה אזורית מטה בנימין","מטה בנימין","settlement","FALSE","","manual_research_2026_03_30","medium","pending","גבעת פורת יוסף מאחז בהרי בנימין - מטה בנימין [תוקן: מטה בנימין->שומרון]","2026-03-30T12:00:00+03:00"
"גני חוגה","גני חוגה","מועצה אזורית שדות נגב","נגב","settlement","FALSE","","manual_research_2026_03_30","high","pending","מושב גני חוגה במועצה אזורית שדות נגב - נגב","2026-03-30T12:00:00+03:00"
"גניגר","גניגר","מועצה אזורית עמק יזרעאל","עמקים","settlement","FALSE","","manual_research_2026_03_30","high","pending","קיבוץ גניגר בעמק יזרעאל","2026-03-30T12:00:00+03:00"
"דבוריה","דבוריה","מועצה אזורית גליל תחתון","גליל","settlement","FALSE","","manual_research_2026_03_30","high","pending","כפר ערבי דבוריה בגליל התחתון ליד נצרת","2026-03-30T12:00:00+03:00"
"דליה","דליה","מועצה אזורית מנשה","שרון","settlement","FALSE","","manual_research_2026_03_30","high","pending","קיבוץ דליה במועצה אזורית מנשה - שרון","2026-03-30T12:00:00+03:00"
"הגבעה הצהובה","הגבעה הצהובה","מועצה אזורית שומרון","שומרון","settlement","FALSE","","manual_research_2026_03_30","medium","pending","מאחז קטן בשומרון","2026-03-30T12:00:00+03:00"
"החווה של אורי כהן","החווה של אורי כהן","מועצה אזורית מטה בנימין","מטה בנימין","settlement","FALSE","","manual_research_2026_03_30","medium","pending","חווה בהרי בנימין - על פי דפוס שמות חוות דומות [תוקן: מטה בנימין->שומרון]","2026-03-30T12:00:00+03:00"
"החווה של זוהר","החווה של זוהר","מועצה אזורית שומרון","שומרון","settlement","FALSE","","manual_research_2026_03_30","medium","pending","חווה בשומרון - על פי דפוס שמות חוות דומות","2026-03-30T12:00:00+03:00"
"החווה של יאיא","החווה של יאיא","מועצה אזורית שומרון","שומרון","settlement","FALSE","","manual_research_2026_03_30","medium","pending","חווה בשומרון - על פי דפוס שמות חוות דומות","2026-03-30T12:00:00+03:00"
"החווה של מנחם","החווה של מנחם","מועצה אזורית שומרון","שומרון","settlement","FALSE","","manual_research_2026_03_30","medium","pending","חווה בשומרון - על פי דפוס שמות חוות דומות","2026-03-30T12:00:00+03:00"
"החווה של עשהאל","החווה של עשהאל","מועצה אזורית מטה בנימין","מטה בנימין","settlement","FALSE","","manual_research_2026_03_30","medium","pending","חווה בהרי בנימין - על פי דפוס שמות חוות דומות [תוקן: מטה בנימין->שומרון]","2026-03-30T12:00:00+03:00"
"הר ברכה","הר ברכה","מועצה אזורית שומרון","שומרון","settlement","FALSE","","manual_research_2026_03_30","high","pending","ישוב הר ברכה בהר גריזים - מועצה אזורית שומרון","2026-03-30T12:00:00+03:00"
"הר חלוץ","הר חלוץ","מועצה אזורית מרום הגליל","גליל עליון","settlement","FALSE","","manual_research_2026_03_30","high","pending","ישוב הר חלוץ במועצה אזורית מרום הגליל - גליל עליון","2026-03-30T12:00:00+03:00"
"הררית יחד","הררית יחד","מועצה אזורית מנשה","שרון","settlement","FALSE","","manual_research_2026_03_30","high","pending","ישוב הררית יחד במועצה אזורית מנשה - שרון","2026-03-30T12:00:00+03:00"
"חבצלת השרון וצוקי ים","חבצלת השרון וצוקי ים","מועצה אזורית עמק חפר","שרון","settlement","FALSE","","manual_research_2026_03_30","high","pending","ישובי חבצלת השרון וצוקי ים בחוף השרון - שרון","2026-03-30T12:00:00+03:00"
"חג'אג'רה","חג'אג'רה","מועצה אזורית גליל תחתון","גליל","settlement","FALSE","","manual_research_2026_03_30","high","pending","כפר ערבי חג'אג'רה בגליל התחתון","2026-03-30T12:00:00+03:00"
"חוות אביה","חוות אביה","מועצה אזורית שומרון","שומרון","settlement","FALSE","","manual_research_2026_03_30","medium","pending","חווה בשומרון - על פי תבנית שמות חוות בשומרון","2026-03-30T12:00:00+03:00"
"חוות אביחי","חוות אביחי","מועצה אזורית שומרון","שומרון","settlement","FALSE","","manual_research_2026_03_30","high","pending","חוות אביחי בנחל שילה - מועצה אזורית שומרון","2026-03-30T12:00:00+03:00"
"חוות אל נווה","חוות אל נווה","מועצה אזורית שומרון","שומרון","settlement","FALSE","","manual_research_2026_03_30","high","pending","חוות אל נווה בצפון שומרון - מועצה אזורית שומרון","2026-03-30T12:00:00+03:00"
"חוות אלחי","חוות אלחי","מועצה אזורית שומרון","שומרון","settlement","FALSE","","manual_research_2026_03_30","medium","pending","חווה בשומרון - על פי תבנית שמות חוות ביהודה ושומרון","2026-03-30T12:00:00+03:00"
"חוות ארץ האיילים","חוות ארץ האיילים","מועצה אזורית גוש עציון","ירושלים","settlement","FALSE","","manual_research_2026_03_30","high","pending","חוות ארץ האיילים בגוש עציון - הר חברון [תוקן: גוש עציון->ירושלים]","2026-03-30T12:00:00+03:00"
"חוות אשכולות","חוות אשכולות","מועצה אזורית הר חברון","הר חברון","settlement","FALSE","","manual_research_2026_03_30","high","pending","חוות אשכולות בהר חברון - מועצה אזורית הר חברון","2026-03-30T12:00:00+03:00"
"חוות בניהו","חוות בניהו","מועצה אזורית שומרון","שומרון","settlement","FALSE","","manual_research_2026_03_30","medium","pending","חווה בשומרון - על פי תבנית שמות חוות ביהודה ושומרון","2026-03-30T12:00:00+03:00"
"חוות גנות","חוות גנות","מועצה אזורית מטה בנימין","מטה בנימין","settlement","FALSE","","manual_research_2026_03_30","medium","pending","חווה בהרי בנימין - על פי תבנית שמות חוות ביהודה ושומרון [תוקן: מטה בנימין->שומרון]","2026-03-30T12:00:00+03:00"
"חוות הרועה העברי","חוות הרועה העברי","מועצה אזורית מטה בנימין","מטה בנימין","settlement","FALSE","","manual_research_2026_03_30","high","pending","חוות הרועה העברי באזור גוש אדומים - מטה בנימין [תוקן: מטה בנימין->שומרון]","2026-03-30T12:00:00+03:00"
"חוות הרשאש","חוות הרשאש","מועצה אזורית מטה בנימין","מטה בנימין","settlement","FALSE","","manual_research_2026_03_30","high","pending","חוות הרשאש בבנימין - צמחה מחוות מלאכי השלום במזרח בנימין [תוקן: מטה בנימין->שומרון]","2026-03-30T12:00:00+03:00"
"חוות חנינא","חוות חנינא","מועצה אזורית מטה בנימין","מטה בנימין","settlement","FALSE","","manual_research_2026_03_30","medium","pending","חווה בהרי בנימין - על פי תבנית שמות חוות ביהודה ושומרון [תוקן: מטה בנימין->שומרון]","2026-03-30T12:00:00+03:00"
"חוות יאיר","חוות יאיר","מועצה אזורית שומרון","שומרון","settlement","FALSE","","manual_research_2026_03_30","high","pending","חוות יאיר ישוב ביהודה ושומרון - מועצה אזורית שומרון","2026-03-30T12:00:00+03:00"
"חוות יד השומר","חוות יד השומר","מועצה אזורית גליל תחתון","גליל","settlement","FALSE","","manual_research_2026_03_30","high","pending","חוות השומר ליד אילניה - גליל תחתון (אזור כינרת) [תוקן: גליל תחתון->גליל]","2026-03-30T12:00:00+03:00"
"חוות ינון","חוות ינון","מועצה אזורית שומרון","שומרון","settlement","FALSE","","manual_research_2026_03_30","medium","pending","חווה בשומרון - על פי תבנית שמות חוות ביהודה ושומרון","2026-03-30T12:00:00+03:00"
"חוות מגדלים","חוות מגדלים","מועצה אזורית שומרון","שומרון","settlement","FALSE","","manual_research_2026_03_30","high","pending","חווה ליד מגדלים בשומרון - מועצה אזורית שומרון","2026-03-30T12:00:00+03:00"
"חוות מגנזי","חוות מגנזי","מועצה אזורית שומרון","שומרון","settlement","FALSE","","manual_research_2026_03_30","high","pending","חוות מגנזי ביהודה ושומרון - ליד ניל""י בבנימין/שומרון","2026-03-30T12:00:00+03:00"
"חוות מדבר חבר","חוות מדבר חבר","מועצה אזורית הר חברון","הר חברון","settlement","FALSE","","manual_research_2026_03_30","high","pending","חוות מדבר חבר דרומית למעלה חבר - הר חברון","2026-03-30T12:00:00+03:00"
"חוות מור ואברהם","חוות מור ואברהם","מועצה אזורית מטה בנימין","מטה בנימין","settlement","FALSE","","manual_research_2026_03_30","medium","pending","חווה בהרי בנימין - על פי תבנית שמות חוות ביהודה ושומרון [תוקן: מטה בנימין->שומרון]","2026-03-30T12:00:00+03:00"
"חוות מלאכי אברהם","חוות מלאכי אברהם","מועצה אזורית מטה בנימין","מטה בנימין","settlement","FALSE","","manual_research_2026_03_30","medium","pending","חווה בבנימין - ייתכן קשור למלאכי השלום במזרח בנימין [תוקן: מטה בנימין->שומרון]","2026-03-30T12:00:00+03:00"
"חוות מלכיאל","חוות מלכיאל","מועצה אזורית שומרון","שומרון","settlement","FALSE","","manual_research_2026_03_30","medium","pending","חווה בשומרון - על פי תבנית שמות חוות ביהודה ושומרון","2026-03-30T12:00:00+03:00"
"חוות מעלה אהוביה","חוות מעלה אהוביה","מועצה אזורית מטה בנימין","מטה בנימין","settlement","FALSE","","manual_research_2026_03_30","high","pending","מאחז מעלה אהוביה צפונית לרמאללה - הרי בנימין [תוקן: מטה בנימין->שומרון]","2026-03-30T12:00:00+03:00"
"חוות מקנה יהודה","חוות מקנה יהודה","מועצה אזורית הר חברון","הר חברון","settlement","FALSE","","manual_research_2026_03_30","medium","pending","חווה באזור הר חברון - על פי תבנית שמות חוות ביהודה ושומרון","2026-03-30T12:00:00+03:00"
"חוות מרום שמואל","חוות מרום שמואל","מועצה אזורית שומרון","שומרון","settlement","FALSE","","manual_research_2026_03_30","high","pending","חוות מרום שמואל מזרח שומרון - גבעה 666 ליד דותן","2026-03-30T12:00:00+03:00"
"חוות נווה צוף","חוות נווה צוף","מועצה אזורית מטה בנימין","מטה בנימין","settlement","FALSE","","manual_research_2026_03_30","high","pending","חווה בסמוך לנווה צוף (חלמיש) - מועצה אזורית מטה בנימין [תוקן: מטה בנימין->שומרון]","2026-03-30T12:00:00+03:00"
"חוות נוף אב""י","חוות נוף אב""י","מועצה אזורית מטה בנימין","מטה בנימין","settlement","FALSE","","manual_research_2026_03_30","medium","pending","חווה בהרי בנימין - מטה בנימין [תוקן: מטה בנימין->שומרון]","2026-03-30T12:00:00+03:00"
"חוות נחל שילה","חוות נחל שילה","מועצה אזורית שומרון","שומרון","settlement","FALSE","","manual_research_2026_03_30","high","pending","חוות נחל שילה בשומרון המרכזי","2026-03-30T12:00:00+03:00"
"חוות נחלת אבות","חוות נחלת אבות","מועצה אזורית שומרון","שומרון","settlement","FALSE","","manual_research_2026_03_30","medium","pending","חווה בשומרון - על פי תבנית שמות חוות ביהודה ושומרון","2026-03-30T12:00:00+03:00"
"חוות נחלת צבי","חוות נחלת צבי","מועצה אזורית מטה בנימין","מטה בנימין","settlement","FALSE","","manual_research_2026_03_30","medium","pending","נחלת צבי מאחז בבנימין - מועצה אזורית מטה בנימין [תוקן: מטה בנימין->שומרון]","2026-03-30T12:00:00+03:00"
"חוות עדן","חוות עדן","מועצה אזורית גוש עציון","ירושלים","settlement","FALSE","","manual_research_2026_03_30","high","pending","חוות עדן ליד נווה דניאל בגוש עציון - הר חברון [תוקן: גוש עציון->ירושלים]","2026-03-30T12:00:00+03:00"
"חוות עולם חסד","חוות עולם חסד","מועצה אזורית מטה בנימין","מטה בנימין","settlement","FALSE","","manual_research_2026_03_30","high","pending","חוות חסד עולם בבנימין - מועצה אזורית מטה בנימין [תוקן: מטה בנימין->שומרון]","2026-03-30T12:00:00+03:00"
"חוות עמיאל","חוות עמיאל","מועצה אזורית שומרון","שומרון","settlement","FALSE","","manual_research_2026_03_30","medium","pending","חווה בשומרון - על פי תבנית שמות חוות ביהודה ושומרון","2026-03-30T12:00:00+03:00"
"חוות פריאל","חוות פריאל","מועצה אזורית שומרון","שומרון","settlement","FALSE","","manual_research_2026_03_30","medium","pending","חווה בשומרון - על פי תבנית שמות חוות ביהודה ושומרון","2026-03-30T12:00:00+03:00"
"חוות צאן קדר","חוות צאן קדר","מועצה אזורית גוש עציון","ירושלים","settlement","FALSE","","manual_research_2026_03_30","high","pending","חוות צאן קדר בלב מדבר יהודה - גוש עציון - הר חברון [תוקן: גוש עציון->ירושלים]","2026-03-30T12:00:00+03:00"
"חוות צרידה","חוות צרידה","מועצה אזורית שומרון","שומרון","settlement","FALSE","","manual_research_2026_03_30","medium","pending","חווה בשומרון - על פי תבנית שמות חוות ביהודה ושומרון","2026-03-30T12:00:00+03:00"
"חוות קשואלה","חוות קשואלה","מועצה אזורית גוש עציון","ירושלים","settlement","FALSE","","manual_research_2026_03_30","high","pending","חוות קשואלה ביער האלה מדרום לגבעות - גוש עציון [תוקן: גוש עציון->ירושלים]","2026-03-30T12:00:00+03:00"
"חוות ראש תאנה","חוות ראש תאנה","מועצה אזורית שומרון","שומרון","settlement","FALSE","","manual_research_2026_03_30","medium","pending","חווה בשומרון - על פי שלום עכשיו ותבנית שמות חוות","2026-03-30T12:00:00+03:00"
"חוות שדה","חוות שדה","מועצה אזורית שומרון","שומרון","settlement","FALSE","","manual_research_2026_03_30","medium","pending","חווה בשומרון - על פי תבנית שמות חוות ביהודה ושומרון","2026-03-30T12:00:00+03:00"
"חוות שוביאל","חוות שוביאל","מועצה אזורית שומרון","שומרון","settlement","FALSE","","manual_research_2026_03_30","medium","pending","חוות שוביאל בשומרון - ייתכן קשור לישוב שובל-שומרון","2026-03-30T12:00:00+03:00"
"חוות שחרית","חוות שחרית","מועצה אזורית שומרון","שומרון","settlement","FALSE","","manual_research_2026_03_30","high","pending","חווה חקלאית ממנה צמחה שחרית בשומרון המערבי","2026-03-30T12:00:00+03:00"
"חוות תלם צפון","חוות תלם צפון","מועצה אזורית שומרון","שומרון","settlement","FALSE","","manual_research_2026_03_30","medium","pending","חווה בשומרון - על פי תבנית שמות חוות ביהודה ושומרון","2026-03-30T12:00:00+03:00"
"חומש","חומש","מועצה אזורית שומרון","שומרון","settlement","FALSE","","manual_research_2026_03_30","high","pending","חומש ישוב בהר חומש צפון שומרון - מועצה אזורית שומרון","2026-03-30T12:00:00+03:00"
"חוף זיקים","חוף זיקים","מועצה אזורית חוף אשקלון","עוטף עזה","settlement","FALSE","","manual_research_2026_03_30","high","pending","חוף זיקים בחוף אשקלון - עוטף עזה","2026-03-30T12:00:00+03:00"
"חמדת ימים","חמדת ימים","מועצה אזורית עמק חפר","שרון","settlement","FALSE","","manual_research_2026_03_30","high","pending","ישוב חמדת ימים בחוף השרון - עמק חפר","2026-03-30T12:00:00+03:00"
"חרמש דרום","חרמש דרום","מועצה אזורית אלונה","שרון","settlement","FALSE","","manual_research_2026_03_30","high","pending","חרמש דרום ישוב חקלאי ליד חרמש - שרון","2026-03-30T12:00:00+03:00"
"טייבה בגלבוע","טייבה בגלבוע","מועצה אזורית הגלבוע","גלבוע","settlement","FALSE","","manual_research_2026_03_30","high","pending","טייבה (בגלבוע) כפר ערבי - גלבוע","2026-03-30T12:00:00+03:00"
"טל מנשה","טל מנשה","מועצה אזורית מנשה","שרון","settlement","FALSE","","manual_research_2026_03_30","high","pending","מושב טל מנשה במועצה אזורית מנשה - שרון","2026-03-30T12:00:00+03:00"
"טמרה בגלבוע","טמרה בגלבוע","מועצה אזורית הגלבוע","גלבוע","settlement","FALSE","","manual_research_2026_03_30","high","pending","טמרה (בגלבוע) כפר ערבי - גלבוע","2026-03-30T12:00:00+03:00"
"יבוא דודי","יבוא דודי","מועצה אזורית מטה בנימין","מטה בנימין","settlement","FALSE","","manual_research_2026_03_30","medium","pending","יבוא דודי מאחז בבנימין - על פי שלום עכשיו ותבנית [תוקן: מטה בנימין->שומרון]","2026-03-30T12:00:00+03:00"
"יקנעם המושבה והזורע","יקנעם המושבה והזורע","מועצה אזורית מגידו","עמקים","settlement","FALSE","","manual_research_2026_03_30","high","pending","יקנעם המושבה וקיבוץ הזורע - עמק יזרעאל","2026-03-30T12:00:00+03:00"
"ישובי אומן","ישובי אומן","מועצה אזורית שומרון","שומרון","settlement","FALSE","","manual_research_2026_03_30","medium","pending","ישובים בשומרון - אומן ישוב בשומרון","2026-03-30T12:00:00+03:00"
"ישובי יעל","ישובי יעל","מועצה אזורית גלבוע","גלבוע","settlement","FALSE","","manual_research_2026_03_30","medium","pending","ישובי יעל - ישובים בגלבוע","2026-03-30T12:00:00+03:00"
"כורזים ורד הגליל","כורזים ורד הגליל","מועצה אזורית מבואות החרמון","גליל עליון","settlement","FALSE","","manual_research_2026_03_30","high","pending","כורזים ווירד הגליל ברמת כורזים - גליל עליון","2026-03-30T12:00:00+03:00"
"כינרת מושבה","כינרת מושבה","מועצה אזורית עמק הירדן","עמקים","settlement","FALSE","","manual_research_2026_03_30","high","pending","כינרת מושבה על שפת הכינרת הדרומית [תוקן: עמק הירדן->עמקים]","2026-03-30T12:00:00+03:00"
"כינרת קבוצה","כינרת קבוצה","מועצה אזורית עמק הירדן","עמקים","settlement","FALSE","","manual_research_2026_03_30","high","pending","קבוצת כינרת על שפת הכינרת הדרומית [תוקן: עמק הירדן->עמקים]","2026-03-30T12:00:00+03:00"
"כעביה טבאש","כעביה טבאש","מועצה אזורית גליל תחתון","גליל","settlement","FALSE","","manual_research_2026_03_30","high","pending","כעביה טבאש כפר ערבי בגליל התחתון","2026-03-30T12:00:00+03:00"
"כפר אלדד","כפר אלדד","מועצה אזורית גוש עציון","ירושלים","settlement","FALSE","","manual_research_2026_03_30","high","pending","כפר אלדד בגוש עציון - הר חברון [תוקן: גוש עציון->ירושלים]","2026-03-30T12:00:00+03:00"
"כפר גמילה מלכישוע","כפר גמילה מלכישוע","מועצה אזורית הגלבוע","גלבוע","settlement","FALSE","","manual_research_2026_03_30","high","pending","כפר גמילה ומלכישוע במועצה אזורית הגלבוע - גלבוע","2026-03-30T12:00:00+03:00"
"כפר ח'וואלד","כפר ח'וואלד","מועצה אזורית זבולון","חיפה","settlement","FALSE","","manual_research_2026_03_30","high","pending","כפר ח'וואלד כפר ערבי במחוז חיפה - אזור חיפה","2026-03-30T12:00:00+03:00"
"כפר מימון ותושיה","כפר מימון ותושיה","מועצה אזורית שדות נגב","נגב","settlement","FALSE","","manual_research_2026_03_30","high","pending","כפר מימון ותושיה במועצה אזורית שדות נגב - נגב","2026-03-30T12:00:00+03:00"
"לב החולה","לב החולה","מועצה אזורית מרום הגליל","גליל עליון","settlement","FALSE","","manual_research_2026_03_30","high","pending","מתחם לב החולה באזור המנפטה בעמק החולה - גליל עליון","2026-03-30T12:00:00+03:00"
"לוטם וחמדון","לוטם וחמדון","מועצה אזורית מרום הגליל","גליל עליון","settlement","FALSE","","manual_research_2026_03_30","high","pending","לוטם וחמדון ישובים במועצה אזורית מרום הגליל - גליל עליון","2026-03-30T12:00:00+03:00"
"מגרון","מגרון","מועצה אזורית מטה בנימין","מטה בנימין","settlement","FALSE","","manual_research_2026_03_30","high","pending","מגרון ישוב בהרי בנימין - מועצה אזורית מטה בנימין [תוקן: מטה בנימין->שומרון]","2026-03-30T12:00:00+03:00"
"מועאוויה","מועאוויה","מועצה אזורית הגלבוע","גלבוע","settlement","FALSE","","manual_research_2026_03_30","high","pending","מועאוויה כפר ערבי בגלבוע - מועצה אזורית הגלבוע","2026-03-30T12:00:00+03:00"
"מוקיבלה","מוקיבלה","מועצה אזורית מגידו","עמקים","settlement","FALSE","","manual_research_2026_03_30","high","pending","מוקיבלה כפר ערבי בעמק יזרעאל - מועצה אזורית מגידו","2026-03-30T12:00:00+03:00"
"מיצד","מיצד","מועצה אזורית הר חברון","הר חברון","settlement","FALSE","","manual_research_2026_03_30","high","pending","מיצד ישוב בהר חברון - מועצה אזורית הר חברון","2026-03-30T12:00:00+03:00"
"מכינת אלישע","מכינת אלישע","מועצה אזורית מטה בנימין","מטה בנימין","settlement","FALSE","","manual_research_2026_03_30","high","pending","מכינת אלישע מכינה קדם-צבאית ליד נווה צוף - מטה בנימין [תוקן: מטה בנימין->שומרון]","2026-03-30T12:00:00+03:00"
"מנחת מחניים","מנחת מחניים","מועצה אזורית מרום הגליל","גליל עליון","settlement","FALSE","","manual_research_2026_03_30","high","pending","נמל תעופה מחניים בעמק החולה - גליל עליון","2026-03-30T12:00:00+03:00"
"מע'אר","מע'אר","מועצה אזורית גליל תחתון","גליל","settlement","FALSE","","manual_research_2026_03_30","high","pending","מע'אר כפר ערבי בגליל התחתון","2026-03-30T12:00:00+03:00"
"מצוקי דרגות","מצוקי דרגות","מועצה אזורית מגילות ים המלח","ערבה","settlement","FALSE","","manual_research_2026_03_30","high","pending","מצוקי דרגות בצוקי ים המלח הצפוני - מגילות [תוקן: מגילות->ערבה]","2026-03-30T12:00:00+03:00"
"מרחביה מושב","מרחביה מושב","מועצה אזורית עמק יזרעאל","עמקים","settlement","FALSE","","manual_research_2026_03_30","high","pending","מרחביה מושב בעמק יזרעאל","2026-03-30T12:00:00+03:00"
"מרחביה קיבוץ","מרחביה קיבוץ","מועצה אזורית עמק יזרעאל","עמקים","settlement","FALSE","","manual_research_2026_03_30","high","pending","מרחביה קיבוץ בעמק יזרעאל","2026-03-30T12:00:00+03:00"
"מרכז אזורי מגילות","מרכז אזורי מגילות","מועצה אזורית מגילות ים המלח","ערבה","settlement","FALSE","","manual_research_2026_03_30","high","pending","מרכז אזורי של מועצת מגילות ים המלח - ים המלח [תוקן: מגילות->ערבה]","2026-03-30T12:00:00+03:00"
"מרכז אזורי מרום גליל","מרכז אזורי מרום גליל","מועצה אזורית מרום הגליל","גליל עליון","settlement","FALSE","","manual_research_2026_03_30","high","pending","מרכז אזורי של מועצת מרום הגליל - גליל עליון","2026-03-30T12:00:00+03:00"
"מרכז אזורי רמת כורזים","מרכז אזורי רמת כורזים","מועצה אזורית מבואות החרמון","גליל עליון","settlement","FALSE","","manual_research_2026_03_30","high","pending","מרכז אזורי ברמת כורזים בגליל העליון","2026-03-30T12:00:00+03:00"
"מרכז חבר","מרכז חבר","מועצה אזורית הגלבוע","גלבוע","settlement","FALSE","","manual_research_2026_03_30","high","pending","מרכז חבר ישוב במועצה אזורית הגלבוע - גלבוע","2026-03-30T12:00:00+03:00"
"מרכז מיר''ב","מרכז מיר''ב","מועצה אזורית עמק המעיינות","גלבוע","settlement","FALSE","","manual_research_2026_03_30","high","pending","מרכז מירב בקרבת קיבוץ מירב - עמק המעיינות - גלבוע","2026-03-30T12:00:00+03:00"
"מתחם סקי גלבוע","מתחם סקי גלבוע","מועצה אזורית הגלבוע","גלבוע","settlement","FALSE","","manual_research_2026_03_30","high","pending","מתחם סקי גלבוע בהר הגלבוע - גלבוע","2026-03-30T12:00:00+03:00"
"מתחם שביל התפוזים","מתחם שביל התפוזים","מועצה אזורית חוף השרון","שרון","settlement","FALSE","","manual_research_2026_03_30","medium","pending","מתחם שביל התפוזים בחוף השרון","2026-03-30T12:00:00+03:00"
"נוה איתן","נוה איתן","מועצה אזורית הגלבוע","גלבוע","settlement","FALSE","","manual_research_2026_03_30","high","pending","נווה איתן קיבוץ במועצה אזורית הגלבוע - גלבוע","2026-03-30T12:00:00+03:00"
"נופי פרת","נופי פרת","מועצה אזורית מטה בנימין","מטה בנימין","settlement","FALSE","","manual_research_2026_03_30","high","pending","נופי פרת ישוב קהילתי במזרח בנימין - מטה בנימין [תוקן: מטה בנימין->שומרון]","2026-03-30T12:00:00+03:00"
"נמל קיסריה","נמל קיסריה","קיסריה","שרון","settlement","FALSE","","manual_research_2026_03_30","high","pending","נמל קיסריה בחוף השרון - קיסריה","2026-03-30T12:00:00+03:00"
"סואעד חמירה","סואעד חמירה","מועצה אזורית גליל תחתון","גליל","settlement","FALSE","","manual_research_2026_03_30","high","pending","סואעד חמירה כפר ערבי בגליל התחתון","2026-03-30T12:00:00+03:00"
"סנדלה","סנדלה","מועצה אזורית הגלבוע","גלבוע","settlement","FALSE","","manual_research_2026_03_30","high","pending","סנדלה כפר ערבי בגלבוע - מועצה אזורית הגלבוע","2026-03-30T12:00:00+03:00"
"עוז וגאון","עוז וגאון","מועצה אזורית שומרון","שומרון","settlement","FALSE","","manual_research_2026_03_30","medium","pending","עוז וגאון ישוב/מאחז בשומרון","2026-03-30T12:00:00+03:00"
"עין אל סהלה","עין אל סהלה","מועצה אזורית גליל תחתון","גליל","settlement","FALSE","","manual_research_2026_03_30","high","pending","עין אל סהלה כפר ערבי בגליל התחתון","2026-03-30T12:00:00+03:00"
"פוריה כפר עבודה","פוריה כפר עבודה","מועצה אזורית עמק הירדן","עמקים","settlement","FALSE","","manual_research_2026_03_30","high","pending","פוריה כפר עבודה על כביש טבריה - כינרת [תוקן: עמק הירדן->עמקים]","2026-03-30T12:00:00+03:00"
"פוריה נווה עובד","פוריה נווה עובד","מועצה אזורית עמק הירדן","עמקים","settlement","FALSE","","manual_research_2026_03_30","high","pending","פוריה נווה עובד על כביש טבריה - כינרת [תוקן: עמק הירדן->עמקים]","2026-03-30T12:00:00+03:00"
"פוריה עילית","פוריה עילית","מועצה אזורית עמק הירדן","עמקים","settlement","FALSE","","manual_research_2026_03_30","high","pending","פוריה עילית על כביש טבריה - כינרת [תוקן: עמק הירדן->עמקים]","2026-03-30T12:00:00+03:00"
"פנימיית עין כרם","פנימיית עין כרם","ירושלים","ירושלים","settlement","FALSE","","manual_research_2026_03_30","high","pending","פנימייה בשכונת עין כרם בירושלים","2026-03-30T12:00:00+03:00"
"צומת אלמוג","צומת אלמוג","מועצה אזורית מגילות ים המלח","ערבה","settlement","FALSE","","manual_research_2026_03_30","high","pending","צומת אלמוג בצפון ים המלח - מגילות ים המלח [תוקן: מגילות->ערבה]","2026-03-30T12:00:00+03:00"
"צורית גילון","צורית גילון","מועצה אזורית משגב","גליל","settlement","FALSE","","manual_research_2026_03_30","high","pending","צורית ישוב על הר גילון - מועצה אזורית משגב","2026-03-30T12:00:00+03:00"
"קבוצת גבע","קבוצת גבע","מועצה אזורית עמק יזרעאל","עמקים","settlement","FALSE","","manual_research_2026_03_30","high","pending","קבוצת גבע קיבוץ בעמק יזרעאל","2026-03-30T12:00:00+03:00"
"קדיתא","קדיתא","מועצה אזורית מרום הגליל","גליל עליון","settlement","FALSE","","manual_research_2026_03_30","high","pending","קדיתא ישוב במועצה אזורית מרום הגליל - גליל עליון","2026-03-30T12:00:00+03:00"
"קדם ערבה","קדם ערבה","מועצה אזורית מגילות ים המלח","ערבה","settlement","FALSE","","manual_research_2026_03_30","high","pending","קדם ערבה ישוב קהילתי בצפון ים המלח - מגילות ים המלח [תוקן: מגילות->ערבה]","2026-03-30T12:00:00+03:00"
"קיבוץ מגידו","קיבוץ מגידו","מועצה אזורית מגידו","עמקים","settlement","FALSE","","manual_research_2026_03_30","high","pending","קיבוץ מגידו בעמק יזרעאל - מועצה אזורית מגידו","2026-03-30T12:00:00+03:00"
"שאנטי במדבר","שאנטי במדבר","מועצה אזורית רמת נגב","נגב","settlement","FALSE","","manual_research_2026_03_30","high","pending","שאנטי במדבר כפר נוער ליד שדה בוקר - רמת הנגב","2026-03-30T12:00:00+03:00"
"שיבלי אום אלג'נם","שיבלי אום אלג'נם","מועצה אזורית הגלבוע","גלבוע","settlement","FALSE","","manual_research_2026_03_30","high","pending","שיבלי-אום אלג'נם כפר ערבי בגלבוע","2026-03-30T12:00:00+03:00"
"שני ליבנה","שני ליבנה","מועצה אזורית עוטף עזה","עוטף עזה","settlement","FALSE","","manual_research_2026_03_30","medium","pending","שני ליבנה ישוב בעוטף עזה","2026-03-30T12:00:00+03:00"
"תחנת רכבת כפר ברוך","תחנת רכבת כפר ברוך","מועצה אזורית עמק יזרעאל","עמקים","settlement","FALSE","","manual_research_2026_03_30","high","pending","תחנת הרכבת ליד כפר ברוך בעמק יזרעאל","2026-03-30T12:00:00+03:00"
"תחנת רכבת כפר יהושוע","תחנת רכבת כפר יהושוע","מועצה אזורית עמק יזרעאל","עמקים","settlement","FALSE","","manual_research_2026_03_30","high","pending","תחנת הרכבת ליד כפר יהושוע בעמק יזרעאל","2026-03-30T12:00:00+03:00"
"תקוע ד' וה'","תקוע ד' וה'","מועצה אזורית גוש עציון","ירושלים","settlement","FALSE","","manual_research_2026_03_30","high","pending","שכונות תקוע ד' וה' ביישוב תקוע - גוש עציון - הר חברון [תוקן: גוש עציון->ירושלים]","2026-03-30T12:00:00+03:00"
